{"id":"5aaa46ddf07aee697731c2eb","_id":"5aaa46ddf07aee697731c2eb","name":"Everything_About_Yorkies_1280x720.svg","width":1280,"height":720,"category":"Pets","categoryCaption":"pets","group":"HC","measureUnits":"px","driveFileIds":["1EewNuGloS7B-hw8g6lj_UTg4YAhsD-B2"],"template":[{"animationMode":"elements","customAnimationDuration":0,"elements":[{"top":0.6741506848789276,"left":-0.9685125285220698,"width":1280.9067864728859,"height":719.1543325214786,"angle":0,"uuid":"yCqPbZUSbPOpESF3vnnFUvivubGzKV0Jc0KNeobI11kGsFu6bYEy2TzqVP7awhDW","templateAsset":true,"mediaId":"5aaa4736f07aee6977325208","opacity":1,"isFreeItem":false,"flipHorizontal":1,"flipVertical":1,"isBackground":false,"type":"imageElement","locked":false,"dphId":"93164636","filters":{"brightness":0,"contrast":0,"saturate":0,"tint":0,"blur":0,"crossProcess":0,"vignette":0},"filtersIntensityEnabled":false,"filtersPresetIntensity":50,"originalImageWidth":1438.341437525084,"originalImageHeight":959.9591382038604,"cropOpts":{"left":157.43465105219812,"top":141.95222753792189,"width":1280.9067864728859,"height":719.1543325214786},"position":{"left":-0.9685125285220698,"top":0.6741506848789276}},{"top":198.00000000000003,"left":786.0000000000001,"width":353.00000000000006,"height":412.00000000000006,"angle":0,"uuid":"JHXQTyWio5J9EyYAOejNicf765I68IH0VJXiLIMmaBrK1m4MQEFhukdcOSv4CAJF","templateAsset":true,"mediaId":"5aaa4727f07aee6977323d28","opacity":0.51,"isFreeItem":true,"flipHorizontal":1,"flipVertical":1,"isBackground":false,"type":"svgElement","locked":false,"colors":[{"id":0,"color":"#044D28"}],"position":{"left":786.0000000000001,"top":198.00000000000003}},{"top":227.00000000000003,"left":786.0000000000001,"width":353.00000000000006,"height":353.00000000000006,"angle":0,"uuid":"8irVuCU745y6Wg60en3ImijlNQOIXCX9eET5RhTGh97fZcC9D4hweWCAh5yJR4Yb","templateAsset":true,"mediaId":"5aaa4727f07aee6977323c3a","opacity":1,"isFreeItem":true,"flipHorizontal":1,"flipVertical":1,"isBackground":false,"type":"svgElement","locked":false,"colors":[{"id":0,"color":"#044D28"}],"position":{"left":786.0000000000001,"top":227.00000000000003}},{"top":695,"left":786.0000000000001,"width":353.00000000000006,"height":25.000000000000004,"angle":0,"uuid":"PEUauAkKh7Tpw0zDH74TBmbq5F7G0XUSWvq7iDYREjrDum0XoIbRdGGD98ocTnR0","templateAsset":true,"mediaId":"5aaa4727f07aee6977323d68","opacity":1,"isFreeItem":true,"flipHorizontal":1,"flipVertical":1,"isBackground":false,"type":"svgElement","locked":false,"colors":[{"id":0,"color":"#044D28"}],"position":{"left":786.0000000000001,"top":695}},{"top":300,"left":693.0000000000001,"width":94.00000000000001,"height":67.00000000000001,"angle":0,"uuid":"ZYFHPFhhHBEunZG6XJcNQHnoWcI5a0qHDP4sKGJBznJQbBuf5JXmSlYmMkVkedcY","templateAsset":true,"mediaId":"5aaa4727f07aee6977323d47","opacity":1,"isFreeItem":true,"flipHorizontal":1,"flipVertical":1,"isBackground":false,"type":"svgElement","locked":false,"colors":[{"id":0,"color":"#B19B31"}],"position":{"left":693.0000000000001,"top":300}},{"top":322,"left":768.0000000000001,"width":18.000000000000004,"height":45,"angle":0,"uuid":"lFEACi7pAUACgrbOYJ5b40INLR3wS4hpKyXLaRWWoQ62twh9ZkOQ6rU5iY3EeVWa","templateAsset":true,"mediaId":"5aaa4727f07aee6977323d2d","opacity":1,"isFreeItem":true,"flipHorizontal":1,"flipVertical":1,"isBackground":false,"type":"svgElement","locked":false,"colors":[{"id":0,"color":"#766729"}],"position":{"left":768.0000000000001,"top":322}},{"top":300,"left":1139.0000000000002,"width":94.00000000000001,"height":67.00000000000001,"angle":0,"uuid":"cbiLg378WWmNL8YiAztb8FGMjUOLtAZqcCA5ImLq4D3QEZqTQo4i9Drjt0D0SAnz","templateAsset":true,"mediaId":"5aaa4727f07aee6977323c31","opacity":1,"isFreeItem":true,"flipHorizontal":1,"flipVertical":1,"isBackground":false,"type":"svgElement","locked":false,"colors":[{"id":0,"color":"#B19B31"}],"position":{"left":1139.0000000000002,"top":300}},{"top":322,"left":1139.0000000000002,"width":18.000000000000004,"height":45,"angle":0,"uuid":"b0mRkCUUI3H4CCJEXVWRcD8SE7PlPsgpsF59jZ6DD6GdA2WOtvkj4zOr2SNeI3xd","templateAsset":true,"mediaId":"5aaa4727f07aee6977323c23","opacity":1,"isFreeItem":true,"flipHorizontal":1,"flipVertical":1,"isBackground":false,"type":"svgElement","locked":false,"colors":[{"id":0,"color":"#766729"}],"position":{"left":1139.0000000000002,"top":322}},{"top":274,"left":768.0000000000001,"width":389.00000000000006,"height":67.00000000000001,"angle":0,"uuid":"5KxZCblM55vjkLZ65mevlw4blU8tNHj4fmrrGB59uxcAkck9bZ7SCmyQjowAx7m8","templateAsset":true,"mediaId":"5aaa4727f07aee6977323c79","opacity":1,"isFreeItem":true,"flipHorizontal":1,"flipVertical":1,"isBackground":false,"type":"svgElement","locked":false,"colors":[{"id":0,"color":"#D1B62B"}],"position":{"left":768.0000000000001,"top":274}},{"top":303.00000000000006,"left":1130.0000000000002,"width":6.000000000000001,"height":6.000000000000001,"angle":0,"uuid":"zdtScSjEcpAgCKCY9ugVADaRYedppejWF9nXvAYq3VHK3QkPCxxlQh2GGhiZEaMi","templateAsset":true,"mediaId":"5aaa4727f07aee6977323c25","opacity":1,"isFreeItem":true,"flipHorizontal":1,"flipVertical":1,"isBackground":false,"type":"svgElement","locked":false,"colors":[{"id":0,"color":"#383119"}],"position":{"left":1130.0000000000002,"top":303.00000000000006}},{"top":303.00000000000006,"left":789.0000000000001,"width":6.000000000000001,"height":6.000000000000001,"angle":0,"uuid":"3vGK2DmLBpUmStLHXD6hiktjIBDC6GfQJe7oF4Gc0B1krhIRlj53unz8HfGNFWyh","templateAsset":true,"mediaId":"5aaa4727f07aee6977323c1c","opacity":1,"isFreeItem":true,"flipHorizontal":1,"flipVertical":1,"isBackground":false,"type":"svgElement","locked":false,"colors":[{"id":0,"color":"#383119"}],"position":{"left":789.0000000000001,"top":303.00000000000006}},{"top":537.0000000000001,"left":846,"width":233.00000000000003,"height":7,"angle":0,"uuid":"93PQlWRJJEHYDpKOSrXZwllXQv4UMJ5tBrreJz3eqNWBX97EVBSZRkDRtJvBt6CM","templateAsset":true,"mediaId":"5aaa4735f07aee697732512b","opacity":1,"isFreeItem":true,"flipHorizontal":1,"flipVertical":1,"isBackground":false,"type":"svgElement","locked":false,"colors":[{"id":0,"color":"#FFF"}],"position":{"left":846,"top":537.0000000000001}},{"top":373.92156862745094,"left":687.383651523081,"width":549.1542655812887,"height":154.1736694677871,"angle":0,"uuid":"pzTSjWSdhoP16R4Ye2bQWObx9cHV1ebdjpYC1GtX0VOryefWRTz4VAZ5T6ljYGST","templateAsset":true,"opacity":1,"isFreeItem":true,"type":"textElement","locked":false,"fontSize":155,"font":"El Messiri","lineHeight":1,"wordBreak":"breakWord","colorMap":[{"startIndex":0,"type":"color","value":"FFFFFF","endIndex":6}],"boldMap":[{"startIndex":0,"type":"bold","value":true,"endIndex":6}],"italicMap":[{"startIndex":0,"type":"italic","value":false,"endIndex":6}],"lineMap":[{"startIndex":0,"endIndex":6}],"textAlign":"center","capitalize":false,"underline":false,"letterSpacing":-1.7927170868347337,"text":"Yorkies","position":{"left":687.383651523081,"top":373.92156862745094}},{"top":293.7535014005602,"left":806.7144117032376,"width":315.590784436662,"height":35.85434173669468,"angle":0,"uuid":"2wlR4VAlHAgzyMX7BzCWDTgL9bzY8otE0EcCYpLNuc3TCRrOD2VOnARiLv5KPTUU","templateAsset":true,"opacity":1,"isFreeItem":true,"type":"textElement","locked":false,"fontSize":36.74017448112011,"font":"El Messiri","lineHeight":1,"wordBreak":"breakWord","colorMap":[{"startIndex":0,"type":"color","value":"383119","endIndex":15}],"boldMap":[{"startIndex":0,"type":"bold","value":true,"endIndex":15}],"italicMap":[{"startIndex":0,"type":"italic","value":false,"endIndex":15}],"lineMap":[{"startIndex":0,"endIndex":15}],"textAlign":"center","capitalize":false,"underline":false,"letterSpacing":1.688839450399833,"text":"Everything about","position":{"left":806.7144117032376,"top":293.7535014005602}}],"audio":[],"uuid":"kr5rWSe0UE0S5QeolkmdJHbSiaJfvjnjbVT3iVO8LgAQTGectCSd2iYzgqOYODlo"}],"templateType":"regular","hash":"14T-DMzSWCgN8_XLEvJC70pyac1TOil_T","pixelWidth":1280,"pixelHeight":720,"previewImageUrls":["/downloads/618edd93-24ae-4bab-bb9c-94d5d741c278.jpeg"],"hasAnimatedPreview":false,