{"id":"5aaa3705f07aee6977159e49","_id":"5aaa3705f07aee6977159e49","name":"Become_a_Buddhist_1280x720.svg","width":1280,"height":720,"category":"Religions","categoryCaption":"religions","group":"HC","measureUnits":"px","driveFileIds":["1yUi-0p4BHQGGXgJBt55ZRUYGnmN97gPi"],"template":[{"animationMode":"elements","customAnimationDuration":0,"elements":[{"top":-2.975431848330487,"left":-1.3881777167532452,"width":1284.667251965798,"height":724.8314422527737,"angle":0,"uuid":"kJ7UUzJdo1RRHGKAv3EJbQnd4PkoSLuzT9oD5jibXMIPaXkzOHWqcMs7FZ9zZMGS","templateAsset":true,"mediaId":"5aaa374ff07aee69771613c5","opacity":1,"isFreeItem":false,"flipHorizontal":1,"flipVertical":1,"isBackground":false,"type":"imageElement","locked":false,"dphId":"5319675","filters":{"brightness":0,"contrast":0,"saturate":0,"tint":0,"blur":0,"crossProcess":0,"vignette":0},"filtersIntensityEnabled":false,"filtersPresetIntensity":50,"originalImageWidth":1448.600647498785,"originalImageHeight":1965.7173902686993,"cropOpts":{"left":89.02338282830841,"top":332.19411649050437,"width":1284.667251965798,"height":724.8314422527737},"position":{"left":-1.3881777167532452,"top":-2.975431848330487}},{"top":-0.820149629535708,"left":-1.4586603319488602,"width":1281.4575757376306,"height":720.8198863524179,"angle":0,"uuid":"3VzUlk0HxkZN03xcZyybl5BzwHGr67wWpQtz8FuTN6hmwj0vI48e2zhR3rk3tIDi","templateAsset":true,"mediaId":"5aaa3750f07aee6977161507","opacity":0.5,"isFreeItem":true,"flipHorizontal":1,"flipVertical":1,"isBackground":false,"type":"svgElement","locked":false,"colors":[{"id":0,"color":"#383119"}],"position":{"left":-1.4586603319488602,"top":-0.820149629535708}},{"top":35.00000000000001,"left":315.00000000000006,"width":641.0000000000002,"height":640.0000000000001,"angle":0,"uuid":"YvYx9QiLl6IxlOkwETQnJ87Z3e49hL8HeigcGR3t9NyAjkrHvDqX1fNos2t3Pbxu","templateAsset":true,"mediaId":"5aaa3750f07aee6977161508","opacity":1,"isFreeItem":true,"flipHorizontal":1,"flipVertical":1,"isBackground":false,"type":"svgElement","locked":false,"colors":[{"id":0,"color":"#FDF7C6"}],"position":{"left":315.00000000000006,"top":35.00000000000001}},{"top":43.000000000000014,"left":323.0000000000001,"width":641.0000000000002,"height":640.0000000000001,"angle":0,"uuid":"jSdFh3HLM4KOt61a4YyWzlBWBfHPpGXY4ahVLQPUW81Po2HE6mc2WsSiWYC6i2IZ","templateAsset":true,"mediaId":"5aaa3752f07aee69771617e5","opacity":1,"isFreeItem":true,"flipHorizontal":1,"flipVertical":1,"isBackground":false,"type":"svgElement","locked":false,"colors":[{"id":0,"color":"#FDF7C6"}],"position":{"left":323.0000000000001,"top":43.000000000000014}},{"top":117.00000000000001,"left":621.0000000000001,"width":39,"height":3.000000000000001,"angle":0,"uuid":"4a0LBjL9hMPAJJpEqtynMFLwV1849gZJEksLENZ1PLyqqknkCjfusZV75nFjAVoi","templateAsset":true,"mediaId":"5aaa3752f07aee69771617ef","opacity":1,"isFreeItem":true,"flipHorizontal":1,"flipVertical":1,"isBackground":false,"type":"svgElement","locked":false,"colors":[{"id":0,"color":"#FDF7C6"}],"position":{"left":621.0000000000001,"top":117.00000000000001}},{"top":160.00000000000003,"left":621.0000000000001,"width":39,"height":3.000000000000001,"angle":0,"uuid":"rNNwCnbiYlswaQFfDX5nVmX3v9eROXsGdhVM2joCHUWqpV22YEqenE1dKRcU57K3","templateAsset":true,"mediaId":"5aaa3752f07aee69771617ee","opacity":1,"isFreeItem":true,"flipHorizontal":1,"flipVertical":1,"isBackground":false,"type":"svgElement","locked":false,"colors":[{"id":0,"color":"#FDF7C6"}],"position":{"left":621.0000000000001,"top":160.00000000000003}},{"top":358.0000000000001,"left":574,"width":131,"height":3.000000000000001,"angle":0,"uuid":"dHb3bzRCftCYI9zq4v3HaRmq023fUlZ0PJWj9qf5hDosPCZmwkBMvFyqVfa1JZSk","templateAsset":true,"mediaId":"5aaa374ff07aee69771613d2","opacity":1,"isFreeItem":true,"flipHorizontal":1,"flipVertical":1,"isBackground":false,"type":"svgElement","locked":false,"colors":[{"id":0,"color":"#FDF7C6"}],"position":{"left":574,"top":358.0000000000001}},{"top":138.00000000000003,"left":601.0000000000001,"width":78,"height":3.000000000000001,"angle":0,"uuid":"hGTYY4rv3SoDdkW43JXR8Gn05q1evd2Nd2wl1pVkYLCt5eL1vAPxARoKXg2g0CTt","templateAsset":true,"mediaId":"5aaa3750f07aee6977161570","opacity":1,"isFreeItem":true,"flipHorizontal":1,"flipVertical":1,"isBackground":false,"type":"svgElement","locked":false,"colors":[{"id":0,"color":"#FDF7C6"}],"position":{"left":601.0000000000001,"top":138.00000000000003}},{"top":555.0000000000001,"left":621.0000000000001,"width":39,"height":3.000000000000001,"angle":0,"uuid":"HJy444Ntphy0apRcaoNt4JyYtGgVL9TNdPYUS6v31GwNnTC4DgSQ9mlKyONiN6Fo","templateAsset":true,"mediaId":"5aaa3752f07aee69771617fe","opacity":1,"isFreeItem":true,"flipHorizontal":1,"flipVertical":1,"isBackground":false,"type":"svgElement","locked":false,"colors":[{"id":0,"color":"#FDF7C6"}],"position":{"left":621.0000000000001,"top":555.0000000000001}},{"top":598.0000000000003,"left":621.0000000000001,"width":39,"height":3.000000000000001,"angle":0,"uuid":"4FIqMr6gV8FuPCOXDzLW05YaiYzQciGFnspaNHY9NdkmhrS3KHZWgRAwV4e5EUK8","templateAsset":true,"mediaId":"5aaa374ff07aee69771613d3","opacity":1,"isFreeItem":true,"flipHorizontal":1,"flipVertical":1,"isBackground":false,"type":"svgElement","locked":false,"colors":[{"id":0,"color":"#FDF7C6"}],"position":{"left":621.0000000000001,"top":598.0000000000003}},{"top":577.0000000000001,"left":601.0000000000001,"width":78,"height":3.000000000000001,"angle":0,"uuid":"fhK7rKiYVF2aGZKaPRo64xeQ1Lw0kvC0rWy5v12ekEsg0qqV1Si0IAG9TxmPi9gH","templateAsset":true,"mediaId":"5aaa375df07aee6977162979","opacity":1,"isFreeItem":true,"flipHorizontal":1,"flipVertical":1,"isBackground":false,"type":"svgElement","locked":false,"colors":[{"id":0,"color":"#FDF7C6"}],"position":{"left":601.0000000000001,"top":577.0000000000001}},{"top":397.3289183222958,"left":447.150587276881,"width":380.44496231158024,"height":113.02428256070641,"angle":0,"uuid":"fvIb3T6PpPBd9VCUnxic87y1e4iSIp5FrOT18IGA64Sbuen46ssmEr6j5jke0sWF","templateAsset":true,"opacity":1,"isFreeItem":true,"type":"textElement","locked":false,"fontSize":64.56637741580343,"font":"Economica","lineHeight":0.88,"wordBreak":"breakWord","colorMap":[{"startIndex":0,"type":"color","value":"FFFFFF","endIndex":18}],"boldMap":[{"startIndex":0,"type":"bold","value":true,"endIndex":18}],"italicMap":[{"startIndex":0,"type":"italic","value":false,"endIndex":18}],"lineMap":[{"startIndex":0,"endIndex":8},{"startIndex":9,"endIndex":18}],"textAlign":"center","capitalize":false,"underline":false,"letterSpacing":4.2101356644028725,"text":"BECOMING\nA BUDDHIST","position":{"left":447.150587276881,"top":397.3289183222958}},{"top":207.74834437086093,"left":510.8796909492274,"width":261.00000000000006,"height":113.02428256070641,"angle":0,"uuid":"wMvdD7mMEb1yRYnDNJQN0QPpzK5Di1H3LAZukHasLw3WsIknmAWTpo0i5t4iFML1","templateAsset":true,"opacity":1,"isFreeItem":true,"type":"textElement","locked":false,"fontSize":65.00000000000001,"font":"Economica","lineHeight":0.88,"wordBreak":"breakWord","colorMap":[{"startIndex":0,"type":"color","value":"FFFFFF","endIndex":9}],"boldMap":[{"startIndex":0,"type":"bold","value":true,"endIndex":9}],"italicMap":[{"startIndex":0,"type":"italic","value":false,"endIndex":9}],"lineMap":[{"startIndex":0,"endIndex":7},{"startIndex":8,"endIndex":9}],"textAlign":"center","capitalize":false,"underline":false,"letterSpacing":3.000000000000001,"text":"MY PATH\nTO","position":{"left":510.8796909492274,"top":207.74834437086093}}],"audio":[],"uuid":"N4WK5iRBFkmsPqtIxxfuEj9t2Mp4aHGRA2FUms2eMdfEfVx3I86WWzsqh7JNtR0i"}],"templateType":"regular","hash":"1jQlfGnzqww6jIGVXAZZVkNfFGPZxz_v_","pixelWidth":1280,"pixelHeight":720,"previewImageUrls":["/downloads/d80bb27c-60e1-4d75-b28e-4f051973e8f3.jpeg"],"hasAnimatedPreview":false,"hasAnimatedScreenPreview":false,"downloadUrl":"https://drive.google.com/uc?id=1yUi-0p4BHQGGXgJBt55ZRUYGnmN97gPi&export=download","status":"completed","format":"Youtube Thumbnail","suitability":["mobile"],"folder":"https://drive.google.com/drive/folders/1jQlfGnzqww6jIGVXAZZVkNfFGPZxz_v_",