{"id":"5aaa4e61f07aee69773f6c48","_id":"5aaa4e61f07aee69773f6c48","name":"014AutumnFamily_1280x720.svg","width":1280,"height":720,"category":"Kids & Parents","categoryCaption":"kidsParents","group":"HC","measureUnits":"px","driveFileIds":["1icr4Rv8LUDbfSNsTPXAJDpQLZYFUxl8O"],"template":[{"animationMode":"elements","customAnimationDuration":0,"elements":[{"top":-0.7476963334066625,"left":0.914640281399916,"width":1280.9418397113602,"height":720.780771071118,"angle":0,"uuid":"EMbezt3Sk6JxnuPZOdAYLmJ8hd1bJqqi63kr40QK5NklP2IOUb524jmkdkpvPd77","templateAsset":true,"mediaId":"5aaa4e8df07aee69773fb58b","opacity":1,"isFreeItem":false,"flipHorizontal":1,"flipVertical":1,"isBackground":false,"type":"imageElement","locked":false,"dphId":"87698132","filters":{"brightness":0,"contrast":0,"saturate":0,"tint":0,"blur":0,"crossProcess":0,"vignette":0},"filtersIntensityEnabled":false,"filtersPresetIntensity":50,"originalImageWidth":1526.5068869366862,"originalImageHeight":1526.5068869366862,"cropOpts":{"left":0,"top":740.8473319805893,"width":1280.9418397113602,"height":720.780771071118},"position":{"left":0.914640281399916,"top":-0.7476963334066625}},{"top":0.2895767682072829,"left":0.5153623949579832,"width":1279.48505541255,"height":719.7103436695592,"angle":0,"uuid":"d1L8FwcgY4GsNBgm8xym1aLinnxtHFiwwCFy5BdXGtnOdKTC6d6ia1MU1DfqIE68","templateAsset":true,"mediaId":"5aaa4e8cf07aee69773fb53e","opacity":1,"isFreeItem":true,"flipHorizontal":1,"flipVertical":1,"isBackground":false,"type":"svgElement","locked":false,"colors":[{"id":0,"color":"#0A0203"}],"position":{"left":0.5153623949579832,"top":0.2895767682072829}},{"top":525.0000000000001,"left":115.00000000000001,"width":466.00000000000006,"height":246.00000000000006,"angle":0,"uuid":"fgZo73dL9UPezpmi5sroSnfQd3BpHnxkrzOpzV1LrLoe6cW3ffPoirv7UTxs7kxg","templateAsset":true,"mediaId":"5aaa4e8df07aee69773fb554","opacity":1,"isFreeItem":false,"flipHorizontal":1,"flipVertical":1,"isBackground":false,"type":"svgElement","locked":false,"dphId":"72122851","colors":[{"id":0,"color":"#FFF"}],"position":{"left":115.00000000000001,"top":525.0000000000001}},{"top":-93,"left":116.00000000000001,"width":467.0000000000001,"height":328.0000000000001,"angle":0,"uuid":"y8B199IzmQ9yubWzWBkCnU842zV4xNitqAVGfWo0UGlh18qNJWDbtrDXUl0udlDk","templateAsset":true,"mediaId":"5aaa4e8df07aee69773fb564","opacity":1,"isFreeItem":false,"flipHorizontal":1,"flipVertical":1,"isBackground":false,"type":"svgElement","locked":false,"dphId":"72122851","colors":[{"id":0,"color":"#FFF"}],"position":{"left":116.00000000000001,"top":-93}},{"top":284,"left":449.0000000000001,"width":124.00000000000001,"height":24.000000000000007,"angle":0,"uuid":"27sGC9z0Vn4tCb7g7TIeQq5BPkGP3pWsdoRDLwAhDLQNWtrenpZt9XXRJ7TthzjX","templateAsset":true,"mediaId":"5aaa4e8df07aee69773fb59a","opacity":1,"isFreeItem":true,"flipHorizontal":1,"flipVertical":1,"isBackground":false,"type":"svgElement","locked":false,"colors":[{"id":0,"color":"#FFF"}],"position":{"left":449.0000000000001,"top":284}},{"top":284,"left":119.00000000000001,"width":124.00000000000001,"height":24.000000000000007,"angle":0,"uuid":"apn1ZTWYlpUnNRGiGkXNOiW4vehk7mOZZud2sWr5nuonJLZs4hABlat8cKr7E3tL","templateAsset":true,"mediaId":"5aaa4e8df07aee69773fb593","opacity":1,"isFreeItem":true,"flipHorizontal":1,"flipVertical":1,"isBackground":false,"type":"svgElement","locked":false,"colors":[{"id":0,"color":"#FFF"}],"position":{"left":119.00000000000001,"top":284}},{"top":449.57983193277306,"left":118.62636141310571,"width":464,"height":34,"angle":0,"uuid":"Oi5fiqAMBis1B0VDWKLcLVQG8anRiTOGKlJxF7Ce0lFyDYTjONvmzsSA234LKPPa","templateAsset":true,"opacity":1,"isFreeItem":true,"type":"textElement","locked":false,"fontSize":34.351195529379126,"font":"Montserrat","lineHeight":1,"wordBreak":"breakWord","colorMap":[{"startIndex":0,"endIndex":22,"type":"color","value":"FFFFFF"}],"boldMap":[{"startIndex":0,"endIndex":22,"type":"bold","value":true}],"italicMap":[{"startIndex":0,"endIndex":22,"type":"italic","value":false}],"lineMap":[{"startIndex":0,"endIndex":22,"value":"line","type":"line"}],"textAlign":"left","capitalize":false,"underline":false,"letterSpacing":0.9814627294108323,"text":"To Celebrate Family Day","opacityMap":[{"startIndex":0,"endIndex":22,"type":"opacity","value":1}],"position":{"left":118.62636141310571,"top":449.57983193277306}},{"top":246.35854341736692,"left":106.65498067289505,"width":490,"height":195,"angle":0,"uuid":"0e1SRA01x4FbgDgcTInMMB6ICTMi2z1wfVOwNWecoGabrcEdmqJ98CnBJvZ2hLu5","templateAsset":true,"opacity":1,"isFreeItem":true,"type":"textElement","locked":false,"fontSize":93,"font":"Superclarendon Regular","lineHeight":1.05,"wordBreak":"breakWord","colorMap":[{"startIndex":0,"endIndex":8,"type":"color","value":"#ffffff"}],"boldMap":[{"startIndex":0,"endIndex":8,"type":"bold","value":false}],"italicMap":[{"startIndex":0,"endIndex":8,"type":"italic","value":false}],"lineMap":[{"startIndex":0,"endIndex":1,"value":"line","type":"line"},{"startIndex":2,"endIndex":8,"value":"line","type":"line"}],"textAlign":"center","capitalize":false,"underline":false,"letterSpacing":6.000000000000002,"text":"15\nPLACES","opacityMap":[{"startIndex":0,"endIndex":8,"type":"opacity","value":1}],"position":{"left":106.65498067289505,"top":246.35854341736692}}],"audio":[],"uuid":"waXm6CSAzaYWsrF6QbqYAOYB9bEjDSfcwSLlrZR5G1q0S81egfANbvIijEpkSaGv"}],"templateType":"regular","hash":"1uAI7SIL15YdB66c4pvfnK2KfllKD63HN","pixelWidth":1280,"pixelHeight":720,"previewImageUrls":["/downloads/f9d3aeb7-c17b-4fe6-b7b9-b7ae6ebd5c6d.jpeg"],"hasAnimatedPreview":false,"hasAnimatedScreenPreview":false,"downloadUrl":"https://drive.google.com/uc?id=1icr4Rv8LUDbfSNsTPXAJDpQLZYFUxl8O&export=download","status":"completed","format":"Youtube Thumbnail","suitability":["mobile"],"folder":"https://drive.google.com/drive/folders/1uAI7SIL15YdB66c4pvfnK2KfllKD63HN","errors":[],"warnings":[{"msg":"TextElement contain disallowed font-family. Detected font-family: Montserrat-Bold","type":"warning","level":5,"code":"fontOutOfWhiteList","systemId":"7a69976d-0ad1-48cf-b6a5-091108c7a702","details":{"fontFamily":"Montserrat-Bold"}},{"msg":"TextElement contain disallowed font-family. Detected font-family: SuperclarendonRg","type":"warning","level":5,"code":"fontOutOfWhiteList","systemId":"0c1e940d-2c6d-489f-a687-098c1ab125c2","details":{"fontFamily":"SuperclarendonRg"}},{"msg":"BGD not found automatically","type":"warning","level":3,"code":"hasNoBgd"}],"studioName":"iStar","createdAt":1521110625181,"updatedAt":1622441040347,"acceptedAt":1565429538417,"attributedAt":1588950780865,"keywords":{"en":["children","childhood","cute","dad","daughter","family","father","happiness","happy","kids","love","mom","mother","parents","son","walking","fall","autumn","dog","youtube","thumbnail"],"ru":["дети","детства","милый","папа","дочь","семья","отец","счастье","счастливый","детки","любовь","мама","мать","родители","сын","ходьба","осенний","осень","собака"],"uk":["діти","дитинство","милий","тато","дочка","сім’я","батько","щастя","щасливий","дітки","любов","мама","матір","батьки","син","ходьба","осінній","осінь","собака"],"es":["niños en una ronda","infancia b","monda y","ser padre","hija mía","en familia","del del padre","feliciodad","sé feliz","peques","cosas de amor","una mama","si de la madre","padres e","hijole yo creo","caminando solo","caerse","otoño look","mirada de perro"],"pt":["infantojuvenil","infância","coisa fofa","meu pai","filhar","família antiga","pai na","feliidades","vem ser feliz","cranças","amor p","mamae","mãesa","pais a","filhoa","caminhada","desabe","outono o","dog olhar"],"nl":["children of dat","kindertijd","schattig","pa","dochter","famillie","vader","geluk","geluukig","kids dat","ik hou van je","mams","mother dat","ouderrs","zoon","delden wandelen","daling","najaar","hond f"],