{"id":"60b4b61aa637ee11e3b7e095","_id":"60b4b61aa637ee11e3b7e095","width":1280,"height":720,"categoryCaption":"all","group":"HC","measureUnits":"px","removed":false,"template":[{"animationMode":"elements","customAnimationDuration":0,"elements":[{"top":-130.76425334749774,"left":2.6201263381153694e-14,"width":1282.146380021246,"height":854.7642533474977,"angle":0,"uuid":"6yExKvpdm1pxcVavlbxcHgfcg8U8SU7eJo3azdvksaUf83AwHaMt7jbCWAxhqN5P","mediaId":"60b4b61aa637ee11e3b7df95","opacity":1,"flipHorizontal":1,"flipVertical":1,"isBackground":false,"type":"imageElement","locked":false,"filters":{"brightness":0,"contrast":0,"saturate":0,"tint":0,"blur":0,"crossProcess":0,"vignette":0},"filtersIntensityEnabled":false,"filtersPresetIntensity":50,"originalImageWidth":1282.1463800212462,"originalImageHeight":854.7642533474974,"cropOpts":{"left":0,"top":0,"width":1282.146380021246,"height":854.7642533474977},"position":{"left":2.6201263381153694e-14,"top":-130.76425334749774}},{"top":223.60784989079906,"left":524.240153667235,"width":784.1469244859902,"height":594.8041305247389,"angle":0,"uuid":"E2GCqsNx2UBCTNewcGawiDQlH26iYIoMKm1a6l8D9X1vH5HUEwpUF2ZReMOD9wVu","mediaId":"60b4b61aa637ee11e3b7df93","opacity":1,"flipHorizontal":1,"flipVertical":1,"type":"svgElement","locked":false,"colors":[{"id":0,"color":"#fffcfc","opacity":1}],"position":{"left":524.240153667235,"top":223.60784989079906}},{"top":371.6280539489628,"left":679.2442440693952,"width":425.29551599019976,"height":135.97188371802054,"angle":0,"uuid":"I6EgvUXSgAArUhoUZMhTOnuHMmmvBapkWx68VEx8Wc9gKzdVjuJCobKLwXNNJr8A","mediaId":"606afa4fa637ee11e3e22950","opacity":1,"isFreeItem":false,"flipHorizontal":1,"flipVertical":1,"type":"imageElement","locked":false,"forSubscribers":true,"filters":{"brightness":100,"contrast":18,"saturate":0,"tint":0,"blur":0,"crossProcess":0,"vignette":0},"filtersIntensityEnabled":false,"originalImageWidth":425.2955159901994,"originalImageHeight":135.9718837180205,"cropOpts":{"left":0,"top":0,"width":425.29551599019976,"height":135.97188371802054},"position":{"left":679.2442440693952,"top":371.6280539489628}},{"top":406.47235768953556,"left":691.9944417427594,"width":392,"height":58,"angle":0,"uuid":"ytRmN5nbnAvGqvaEKg9YiBIqeOOzyroLY78AO6sqaMATHFQ49tH3LDr2IfmUVrAe","opacity":1,"type":"textElement","locked":false,"fontSize":58,"font":"Fahkwang","lineHeight":1,"wordBreak":"breakWord","colorMap":[{"startIndex":0,"endIndex":5,"type":"color","value":"#325da2"}],"boldMap":[{"startIndex":0,"endIndex":5,"type":"bold","value":true}],"italicMap":[{"startIndex":0,"endIndex":5,"type":"italic","value":false}],"lineMap":[{"startIndex":0,"endIndex":5,"value":"line","type":"line"}],"opacityMap":[{"startIndex":0,"endIndex":5,"type":"opacity","value":1}],"textAlign":"center","capitalize":false,"underline":false,"letterSpacing":2.0022400505561624,"text":"SUMMER","position":{"left":691.9944417427594,"top":406.47235768953556}},{"top":208.62805394896284,"left":707.9944417427594,"width":376,"height":162,"angle":0,"uuid":"t5RF9tZCAKpSHmRqruAQcOUglXKIdiSCSm0wNy3vQuiXmlj80foBsuUg6pTb6Wr9","opacity":1,"type":"textElement","locked":false,"fontSize":163,"font":"Beacon","lineHeight":1,"wordBreak":"breakWord","colorMap":[{"startIndex":0,"endIndex":6,"type":"color","value":"f7f8f9"}],"boldMap":[{"startIndex":0,"endIndex":6,"type":"bold","value":false}],"italicMap":[{"startIndex":0,"endIndex":6,"type":"italic","value":false}],"lineMap":[{"startIndex":0,"endIndex":6,"value":"line","type":"line"}],"opacityMap":[{"startIndex":0,"endIndex":6,"type":"opacity","value":1}],"textAlign":"center","capitalize":false,"underline":false,"letterSpacing":5.699076652966073,"text":"Perfect","position":{"left":707.9944417427594,"top":208.62805394896284}},{"top":-157.71532297379974,"left":660.9023389458082,"width":383.1138518088334,"height":414.635877590573,"angle":0,"uuid":"CcypKLlOwMnSTQGZhWxqDnJaRVeraio1Rx7KxLlFHM9O3uicd4AGt8xEFYHdI1A4","mediaId":"60b4b61aa637ee11e3b7df97","opacity":1,"flipHorizontal":1,"flipVertical":1,"type":"svgElement","locked":false,"colors":[{"id":0,"color":"#ffffff","opacity":1}],"position":{"left":660.9023389458082,"top":-157.71532297379974}},{"top":-177.33924075583323,"left":-49.101970792429995,"width":383.1138518088334,"height":414.635877590573,"angle":1.308996938995747,"uuid":"n9ZLqV6a0Sqd6jLd2uTOumzrgGn0iz9Xudbg59FLBdTYQIkN5fJOZFKQ4ka1eE44","mediaId":"60b4b61aa637ee11e3b7df97","opacity":1,"flipHorizontal":1,"flipVertical":1,"isBackground":false,"type":"svgElement","locked":false,"colors":[{"id":0,"color":"#ffffff","opacity":1}],"position":{"left":-49.101970792429995,"top":-177.33924075583323}}],"audio":[],"uuid":"NkftiNRCEsqwhg3YOBa7yTqMNGppbbRM7XUc6OJ4dDTJdkzyIVzKht8QckJ9w0cN","minDuration":0}],"templateType":"regular","hash":"60ab887f60b5ca77e87698d3","pixelWidth":1280,"pixelHeight":720,"previewImageUrls":["/downloads/5def98bc-a5c5-4d82-b59c-aee7ac2d2984.jpeg"],"hasAnimatedPreview":false,"hasAnimatedScreenPreview":false,"status":"completed","format":"Youtube Thumbnail","suitability":["mobile"],"studioName":"Crello","createdAt":1622455834885,"updatedAt":1622641588437,"acceptedAt":1622455881572,"attributedAt":1622641588308,"keywords":{"en":["summer","water","nature","man","backpack","travel","adventure","lifestyle","tourist","vacation","sea","blue","tourism","landscape","leisure","ocean","coast","sunglasses","youtube","thumbnail"],"de":["sommer","wasser","natur","mann","reisen fã¼r immer","lebensstil","ferien","blau","tourismus","landschaft","freizeit","ozean","sonnenbrille"],"fr":["été last","l’eau","la nature","homme qui peu","cartable","voyager","aventure","hygiène de vie","touriste","vacanc","la mer","bleu","tourisme","paysage","loisir","océan","lunette de soleil"],"el":["καλοκαιρι","νερο","φυση","o man","travel to"],"es":["estio","acuático","naturalez","mi viejo","mochila","para viaje","aventura","modo de vida","turístico","vacacionar","cosas de mar","azules","turismo","para paisaje","ocio","océano","la costeña","gafas sol","haber de youtube"],"ru":["летнее","под водой","для природы","пожилой человек","зюкзак","путешесьвие","образ жизни","отпуск","ракушка и море","синый","туризм","ландшафтный","активный отдых","океан","побережье","очки солнечные","ютьюб"],"it":["acqua","la natura della","uomo a terra","zainetto","viaggiare","al mare","blue e","paessaggio","svago"],"hu":["nyári","természet","férfi","tenger"],"pt":["verao","com com agua","natureza","homem costas","viajem","férias","logo mar","pelo azul","paisagem","lazer e","oceano","oculos escuro","outro na youtube"],"pl":["woda","rzyroda","mezczyzna","plecak","podróży","przygoda","turystyczn","nad morze","niebiesk","turystyka","krajobra","okulary słoneczne","miniaturka"],"nl":["zomer","natuur","van man","reizen","leefstijl","zee","blauwe achter","toerisme","oceaan","zonnebril"],"ja":["夏","旅行","ツーリスト","サムネイル"],"cs":["léto","příroda","dědek","cestovka","moře","modrá","volný čas"],"tr":["yaz","su kuyusu","doğayı","yere bakan adam","seyehat","turist","deniz kabuğu","mavi","turizm","okyanus","kıyı","ğüneş gözlük"],"uk":["літо","природаа","мусчина","подорожі назавжди","пригода","відпочинок","синій","для ютуба"],"mx":["estio","acuático","naturalez","mi viejo","mochila","para viaje","aventura","modo de vida","turístico","vacacionar","cosas de mar","azules","turismo","para paisaje","ocio","océano","la costeña","gafas sol","haber de youtube"]},"industries":["ecologyNature","entertainmentLeisure","travelTourism"],"title":"Summer Travelling Inspiration with Man with Backpack in Nature","localizedTitle":{"en":"Summer Travelling Inspiration with Man with Backpack in Nature","de":"Sommerreiseinspiration mit Mann mit Rucksack in der Natur","fr":"Inspiration de voyage d'été avec homme avec sac à dos dans la nature","el":"Καλοκαιρινό ταξίδι έμπνευσης με άντρα με σακίδιο στη φύση","es":"Inspiración de viaje de verano con hombre con mochila en la naturaleza.","ru":"Вдохновение летнего путешествия с человеком с рюкзаком на природе",