{"id":"60c71a14a637ee11e3e64673","_id":"60c71a14a637ee11e3e64673","width":1280,"height":720,"categoryCaption":"all","group":"HC","measureUnits":"px","removed":false,"template":[{"animationMode":"elements","customAnimationDuration":0,"elements":[{"top":0,"left":0,"width":1280,"height":720,"angle":0,"uuid":"7xL9LBU0wzMqh5Mb8KlAczKmv4BQQWD4uinPd88n27HyIzw0BHo3ZSP4Oh56AbhR","opacity":1,"isBackground":true,"type":"coloredBackground","locked":false,"colors":[{"id":0,"color":"#dbffb7","opacity":1}],"position":{"left":0,"top":0}},{"top":-2.1316282072803006e-14,"left":-158.96501558489,"width":970.2503544164085,"height":970.2503544164083,"angle":0,"uuid":"aK59TtbJcMrxXncqKUt9scSaDpRsM2eNx4OwiQQ7s0T2KMV6Ic3zPw16cq8OPJCt","mediaId":"60c71a14a637ee11e3e64592","opacity":1,"flipHorizontal":1,"flipVertical":1,"type":"imageElement","locked":false,"filters":{"brightness":0,"contrast":0,"saturate":0,"tint":0,"blur":0,"crossProcess":0,"vignette":0},"filtersIntensityEnabled":false,"filtersPresetIntensity":50,"originalImageWidth":970.2503544164084,"originalImageHeight":970.2503544164084,"cropOpts":{"left":0,"top":0,"width":970.2503544164085,"height":970.2503544164083},"position":{"left":-158.96501558489,"top":-2.1316282072803006e-14}},{"top":195.95738762175196,"left":-77.97244172761079,"width":641.5018787368631,"height":529.9278389078199,"angle":0,"uuid":"CqCf3d7re3kWVnGtqRXbe0v1r6mvqM7XxmcN4uTVO1iUL7yRKjMMWqD332Ec2EV8","mediaId":"60c71a14a637ee11e3e645a3","opacity":1,"flipHorizontal":1,"flipVertical":1,"type":"imageElement","locked":false,"filters":{"brightness":0,"contrast":0,"saturate":0,"tint":0,"blur":0,"crossProcess":0,"vignette":0},"filtersIntensityEnabled":false,"filtersPresetIntensity":50,"originalImageWidth":641.5018787368632,"originalImageHeight":529.9278389078199,"cropOpts":{"left":0,"top":0,"width":641.5018787368631,"height":529.9278389078199},"position":{"left":-77.97244172761079,"top":195.95738762175196}},{"top":236.45772842634258,"left":694.9795380739286,"width":607.4996282829251,"height":558.9805231954367,"angle":0,"uuid":"6pLku4D5Yza0loleOH2LNaOGkyilni8hnQ9cyYZww13fTsxuNr797TnQZdY0ja8g","mediaId":"60c71a14a637ee11e3e6459a","opacity":1,"flipHorizontal":1,"flipVertical":1,"type":"imageElement","locked":false,"filters":{"brightness":0,"contrast":0,"saturate":0,"tint":0,"blur":0,"crossProcess":0,"vignette":0},"filtersIntensityEnabled":false,"filtersPresetIntensity":50,"originalImageWidth":607.4996282829252,"originalImageHeight":558.9805231954371,"cropOpts":{"left":0,"top":0,"width":607.4996282829251,"height":558.9805231954367},"position":{"left":694.9795380739286,"top":236.45772842634258}},{"top":324.3729246912767,"left":638.9473684210526,"width":238.1910320911702,"height":199.14332191228988,"angle":0,"uuid":"t1bTOIdHekxOPd7Q69L3OHeUTUgzaTIZ0uH9MyVvxQCGD4SJaSP4AEa0KGLiiKCl","mediaId":"60c71a14a637ee11e3e64594","opacity":1,"flipHorizontal":1,"flipVertical":1,"type":"svgElement","locked":false,"colors":[{"id":0,"color":"#fff"},{"id":1,"color":"#000"}],"position":{"left":638.9473684210526,"top":324.3729246912767}},{"top":32.864186064422356,"left":28.676616915422795,"width":279.93043230851697,"height":187.55338964670636,"angle":0,"uuid":"xeq54NuriOXkZetJwd85EuLYsqD4KZFUSENb1shGiNvHaxgqnpxcgDXepcMtUqVD","mediaId":"60c71a14a637ee11e3e64597","opacity":1,"flipHorizontal":1,"flipVertical":1,"type":"svgElement","locked":false,"colors":[{"id":0,"color":"#fff"},{"id":1,"color":"#000"}],"position":{"left":28.676616915422795,"top":32.864186064422356}},{"top":297.4953100584167,"left":525.3562250009896,"width":107.18452364042211,"height":59.983999468493096,"angle":-0.4015409969747484,"uuid":"nLrK94LSHNFInRKlf8Gdjp9PKsqJXDRVTYhmdpGL0kD8ofqNYWVwK0iV9MLsOrXV","mediaId":"60c71a14a637ee11e3e645aa","opacity":1,"flipHorizontal":1,"flipVertical":1,"type":"imageElement","locked":false,"filters":{"brightness":0,"contrast":0,"saturate":0,"tint":0,"blur":0,"crossProcess":0,"vignette":0},"filtersIntensityEnabled":false,"filtersPresetIntensity":50,"originalImageWidth":107.18452364042197,"originalImageHeight":59.983999468493046,"cropOpts":{"left":0,"top":0,"width":107.18452364042211,"height":59.983999468493096},"position":{"left":525.3562250009896,"top":297.4953100584167}},{"top":65.66666666666666,"left":15.641833069681233,"width":308,"height":92,"angle":-0.2617993877991494,"uuid":"2Si22xBHpU4xFsmeoRzezWurSCrxxpH0hYomLD8V8aCjE5EschUgdXvvi9zR376D","opacity":1,"type":"textElement","locked":false,"fontSize":92,"font":"Tomorrow","lineHeight":1,"wordBreak":"breakWord","colorMap":[{"startIndex":0,"endIndex":3,"type":"color","value":"0a0203"}],"boldMap":[{"startIndex":0,"endIndex":3,"type":"bold","value":true}],"italicMap":[{"startIndex":0,"endIndex":3,"type":"italic","value":false}],"lineMap":[{"startIndex":0,"endIndex":2,"value":"line","type":"line"}],"opacityMap":[{"startIndex":0,"endIndex":3,"type":"opacity","value":1}],"textAlign":"center","capitalize":false,"underline":false,"letterSpacing":0,"text":"yes\n","position":{"left":15.641833069681233,"top":65.66666666666666}},{"top":368.45425041266526,"left":667.3518215364609,"width":201,"height":89,"angle":0.4159627753091464,"uuid":"iNY8jeuCIEsfhoPoepmjpjMJRl3zIrdW2DpA0UqxmPDGmUyPTcYqaedfXq7Li5X1","opacity":1,"type":"textElement","locked":false,"fontSize":89,"font":"Tomorrow","lineHeight":1,"wordBreak":"breakWord","colorMap":[{"startIndex":0,"endIndex":2,"type":"color","value":"0a0203"}],"boldMap":[{"startIndex":0,"endIndex":2,"type":"bold","value":true}],"italicMap":[{"startIndex":0,"endIndex":2,"type":"italic","value":false}],"lineMap":[{"startIndex":0,"endIndex":1,"value":"line","type":"line"}],"opacityMap":[{"startIndex":0,"endIndex":2,"type":"opacity","value":1}],"textAlign":"center","capitalize":false,"underline":false,"letterSpacing":0,"text":"no\n","position":{"left":667.3518215364609,"top":368.45425041266526}},{"top":65,"left":338,"width":644,"height":206,"angle":0.2049150535709079,"uuid":"qUhrISxNsbcKA2oG7EhjEIjrJJslXGl0edD9uzbtRBfxbFYEhfPCWpIKeqvaahy3","opacity":1,"type":"textElement","locked":false,"fontSize":86,"font":"Tomorrow","lineHeight":1.2,"wordBreak":"breakWord","colorMap":[{"startIndex":0,"endIndex":17,"type":"color","value":"0a0203"}],"boldMap":[{"startIndex":0,"endIndex":17,"type":"bold","value":true}],"italicMap":[{"startIndex":0,"endIndex":17,"type":"italic","value":false}],"lineMap":[{"startIndex":0,"endIndex":7,"value":"line","type":"line"},{"startIndex":8,"endIndex":16,"value":"line","type":"line"}],"opacityMap":[{"startIndex":0,"endIndex":17,"type":"opacity","value":1}],"textAlign":"center","capitalize":false,"underline":false,"letterSpacing":0,"text":"SHAVING\r\nTUTORIAL\n","position":{"left":338,"top":65}},{"top":65.58261535449691,"left":1037.4857142857143,"width":188.45083898780695,"height":170.87511307184565,"angle":0,"uuid":"BLzla2FPNTkLJ0KpYC7yB3qVb4ouoJpTH5Es0QnzQ33i0lwyHfwSMb0k6zKf90DZ","mediaId":"60c71a14a637ee11e3e645b4","opacity":1,"flipHorizontal":1,"flipVertical":1,"type":"imageElement","locked":false,"filters":{"brightness":0,"contrast":0,"saturate":0,"tint":0,"blur":0,"crossProcess":0,"vignette":0},"filtersIntensityEnabled":false,"filtersPresetIntensity":50,"originalImageWidth":188.45083898780697,"originalImageHeight":170.8751130718457,"cropOpts":{"left":0,"top":0,"width":188.45083898780695,"height":170.87511307184565},"position":{"left":1037.4857142857143,"top":65.58261535449691}},{"top":494.53659932891856,"left":474.4392471477242,"width":123.71344247772771,"height":169.98025836370724,"angle":0,"uuid":"N8yj6RAaGzZHprGFJZxpYv9IWTkxYroXxTjEWHJrpJQE0nUADZ9wILdYl6MWuChk","mediaId":"60c71a14a637ee11e3e645c2","opacity":1,"flipHorizontal":1,"flipVertical":1,"type":"imageElement","locked":false,"filters":{"brightness":0,"contrast":0,"saturate":0,"tint":0,"blur":0,"crossProcess":0,"vignette":0},"filtersIntensityEnabled":false,"filtersPresetIntensity":50,"originalImageWidth":123.71344247772772,"originalImageHeight":169.9802583637072,"cropOpts":{"left":0,"top":0,"width":123.71344247772771,