{"id":"60e45b2da637ee11e3ef8785","_id":"60e45b2da637ee11e3ef8785","width":1280,"height":720,"categoryCaption":"all","group":"HC","measureUnits":"px","removed":false,"template":[{"animationMode":"elements","customAnimationDuration":0,"elements":[{"top":-61.7916448079619,"left":-19.489923628853816,"width":1318.9798472577077,"height":843.5832896159237,"angle":0,"uuid":"2bxv3Y7CL1QHmqsncWQoB2rI1nWKpf249K3gEgY7L2XFAOixTuc232A6nOlqvz9U","mediaId":"60e45b2da637ee11e3ef86e2","opacity":1,"flipHorizontal":1,"flipVertical":1,"type":"imageElement","locked":false,"filters":{"brightness":0,"contrast":0,"saturate":0,"tint":0,"blur":0,"crossProcess":0,"vignette":0},"filtersIntensityEnabled":false,"filtersPresetIntensity":50,"originalImageWidth":1318.9798472577074,"originalImageHeight":843.5832896159237,"cropOpts":{"left":0,"top":0,"width":1318.9798472577077,"height":843.5832896159237},"position":{"left":-19.489923628853816,"top":-61.7916448079619}},{"top":117.05128205128196,"left":-87.69230769230768,"width":640,"height":216.66666666666669,"angle":0,"uuid":"6MSEmScFe8Scsv3xcLdVpQrMC3wyGDVxLsDwnl6ehm6mqgv0etTxj0EsKeNZY9Ol","mediaId":"60e45b2da637ee11e3ef86c5","opacity":1,"flipHorizontal":1,"flipVertical":1,"type":"imageElement","locked":false,"filters":{"brightness":0,"contrast":0,"saturate":0,"tint":0,"blur":0,"crossProcess":0,"vignette":0},"filtersIntensityEnabled":false,"filtersPresetIntensity":50,"originalImageWidth":640,"originalImageHeight":216.66666666666669,"cropOpts":{"left":0,"top":0,"width":640,"height":216.66666666666669},"position":{"left":-87.69230769230768,"top":117.05128205128196}},{"top":303.20512820512806,"left":-46.15384615384613,"width":640,"height":216.66666666666669,"angle":0,"uuid":"bIjl4pIbyoBW5CTe0Wp4if5HUB9ei4tMcf29v45ZuN6KERY5c77WgMgbULFrcFmq","mediaId":"60e45b2da637ee11e3ef8680","opacity":1,"flipHorizontal":1,"flipVertical":1,"type":"imageElement","locked":false,"filters":{"brightness":0,"contrast":0,"saturate":0,"tint":0,"blur":0,"crossProcess":0,"vignette":0},"filtersIntensityEnabled":false,"filtersPresetIntensity":50,"originalImageWidth":640,"originalImageHeight":216.66666666666669,"cropOpts":{"left":0,"top":0,"width":640,"height":216.66666666666669},"position":{"left":-46.15384615384613,"top":303.20512820512806}},{"top":102.46887505558013,"left":640,"width":473.03042046115115,"height":542.7545575811473,"angle":0,"uuid":"OqjnS6GZaSmOZ1ULmpzj3Ko5HTq2D5my5RKVNzNU8VnKbyYL0fYBs0eTcGAgQATP","mediaId":"60e45b2da637ee11e3ef867d","opacity":1,"flipHorizontal":1,"flipVertical":1,"type":"imageElement","locked":false,"filters":{"brightness":0,"contrast":0,"saturate":0,"tint":0,"blur":0,"crossProcess":0,"vignette":0},"filtersIntensityEnabled":false,"filtersPresetIntensity":50,"originalImageWidth":473.030420461151,"originalImageHeight":542.7545575811472,"cropOpts":{"left":0,"top":0,"width":473.03042046115115,"height":542.7545575811473},"position":{"left":640,"top":102.46887505558013}},{"top":146.2820512820512,"left":678.5179961770236,"width":366.02537586109327,"height":421.09863843278544,"angle":0,"uuid":"CdGzvW1mhEXb5cQqUOCtOpaQw90MnHulS3Y4u0YkYKwnxGOQOLqw8LcqXRlBLq6q","mediaId":"60e45b2da637ee11e3ef8683","opacity":1,"flipHorizontal":1,"flipVertical":1,"type":"svgElement","locked":false,"colors":[{"id":0,"color":"#000"}],"position":{"left":678.5179961770236,"top":146.2820512820512}},{"top":490.76698619356,"left":-37.23076923076924,"width":656,"height":137,"angle":-0.11476333778673395,"uuid":"Jxm3FEarxL2eZZMfUCkA4pTIoopYemyYLbXxSRNIECtvjns5ee5DJGJY737n5OKy","opacity":1,"type":"textElement","locked":false,"fontSize":137,"font":"Caveat","lineHeight":1,"wordBreak":"breakWord","colorMap":[{"startIndex":0,"endIndex":8,"type":"color","value":"#ffff00"}],"boldMap":[{"startIndex":0,"endIndex":8,"type":"bold","value":true}],"italicMap":[{"startIndex":0,"endIndex":8,"type":"italic","value":false}],"lineMap":[{"startIndex":0,"endIndex":8,"value":"line","type":"line"}],"opacityMap":[{"startIndex":0,"endIndex":8,"type":"opacity","value":1}],"textAlign":"center","capitalize":false,"underline":false,"letterSpacing":0,"text":"Tutorials","position":{"left":-37.23076923076924,"top":490.76698619356}},{"top":175.3684210526316,"left":82.84615384615384,"width":382,"height":78,"angle":-0.059966922676966905,"uuid":"gJ91suOE4Z4lxP6pJCUSdT9YERPhgc4hiXUCY3QWBOhIAzUjYrt9p7pdo0r2MNKr","opacity":1,"type":"textElement","locked":false,"fontSize":78,"font":"IM FELL DW Pica SC","lineHeight":1,"wordBreak":"breakWord","colorMap":[{"startIndex":0,"endIndex":5,"type":"color","value":"0a0203"}],"boldMap":[{"startIndex":0,"endIndex":5,"type":"bold","value":false}],"italicMap":[{"startIndex":0,"endIndex":5,"type":"italic","value":false}],"lineMap":[{"startIndex":0,"endIndex":5,"value":"line","type":"line"}],"opacityMap":[{"startIndex":0,"endIndex":5,"type":"opacity","value":1}],"textAlign":"center","capitalize":false,"underline":false,"letterSpacing":0,"text":"SUMMER","position":{"left":82.84615384615384,"top":175.3684210526316}},{"top":374.1934736881746,"left":35.84615384615387,"width":476,"height":78,"angle":-0.059966922676966905,"uuid":"DJTaJKnOxrW3QX75Q5cyDgTxxG4RluRs4mcSDuoMarKKyyEhcsCDGUww9HTD0294","opacity":1,"type":"textElement","locked":false,"fontSize":78,"font":"IM FELL DW Pica SC","lineHeight":1,"wordBreak":"breakWord","colorMap":[{"startIndex":0,"endIndex":7,"type":"color","value":"0a0203"}],"boldMap":[{"startIndex":0,"endIndex":7,"type":"bold","value":false}],"italicMap":[{"startIndex":0,"endIndex":7,"type":"italic","value":false}],"lineMap":[{"startIndex":0,"endIndex":7,"value":"line","type":"line"}],"opacityMap":[{"startIndex":0,"endIndex":7,"type":"opacity","value":1}],"textAlign":"center","capitalize":false,"underline":false,"letterSpacing":0,"text":"SURVIVAL","position":{"left":35.84615384615387,"top":374.1934736881746}}],"audio":[],"uuid":"BqVpBecvgOI17yeZmK7qGYvWs1RIEhYwxqfwLuGz8Qs6LGBQHCuaC6MqvV8ioavC","minDuration":0}],"templateType":"regular","hash":"60df0c98a9896a2111628e42","pixelWidth":1280,"pixelHeight":720,"previewImageUrls":["/downloads/51677837-08f2-497e-b660-84288e0ce469.jpeg"],"hasAnimatedPreview":false,"hasAnimatedScreenPreview":false,"status":"completed","format":"Youtube Thumbnail","suitability":["mobile"],"studioName":"Crello","createdAt":1625578285189,"updatedAt":1630576897697,"acceptedAt":1625578303268,"attributedAt":1625848457938,"keywords":{"en":["water","pool","luxury","resort","nature","summer","blue","mountain","sky","vacation","swimming","landscape","travel","hotel","leisure","green","tree","villa","sunny","relaxation","tourism","tourist","character","jumping","summertime","rock","ocean","sea","waves","drawn","funny","guy","dude","man","tutorial","viral","clickbait","yolo","chill","dizzy","youtube","thumbnail","meme"],"de":["wasser","schwimmbad","luxus","ferienanlage","natur","sommer","blau","berg","himmel","urlaub","schwimmen","landschaft","reise","hotel","freizeit","grün","baum","villa","sonnig","entspannung","tourismus","touristen","charakter","springen","sommerzeit","felsen","ozean","meer","wellen","gezeichnet","lustig","kerl","typen","mann","anleitung","viren","klickköder","yolo","abkühlen","schwindelfrei","youtube","miniaturansicht","meme"],"fr":["eau","piscine","luxe","recours","la nature","été","bleu","montagne","ciel","vacances","natation","paysage","voyages","hôtel","loisirs","vert","arbre","villa","ensoleillé","détente","tourisme","tourisme","caractère","sauter","l'été","rocher","océan","mer","vagues","dessiné","c'est drôle","mec","mec","homme","tutoriel","virale","clickbait","yolo","refroidissement","étourdissements","youtube","vignette","mème"],