{"id":"6138c1498070ea8a9b4f0fe0","_id":"6138c1498070ea8a9b4f0fe0","width":1280,"height":720,"categoryCaption":"all","group":"HC","measureUnits":"px","removed":false,"template":[{"animationMode":"elements","customAnimationDuration":0,"elements":[{"top":0,"left":0,"width":1280,"height":720,"angle":0,"uuid":"o9vn3V27pJDHHpKF9yXSmcQEdV2QcnFT3YFVey7POpj0XPhMrlNKUovkmWFUFdLy","opacity":1,"isBackground":true,"type":"coloredBackground","locked":false,"colors":[{"id":0,"color":"#E16FB8","opacity":1}],"position":{"left":0,"top":0}},{"top":-44.62802638298626,"left":-108.91074814693036,"width":1393.484886574951,"height":1096.28287857305,"angle":0,"uuid":"sXObdpVwUoefmdOmYWD9FxBsxHTWAccMz9i494RV55DdiazjT4NouTYeWhKegUjx","mediaId":"6138c1498070ea8a9b4f0f61","opacity":1,"flipHorizontal":1,"flipVertical":1,"isBackground":false,"type":"imageElement","locked":false,"forSubscribers":false,"isUnlimitedPlus":false,"filters":{"brightness":0,"contrast":0,"saturate":0,"tint":0,"blur":0,"crossProcess":0,"vignette":0},"filtersIntensityEnabled":false,"filtersPresetIntensity":50,"originalImageWidth":1393.4848865749507,"originalImageHeight":1096.2828785730499,"cropOpts":{"left":0,"top":0,"width":1393.484886574951,"height":1096.28287857305},"position":{"left":-108.91074814693036,"top":-44.62802638298626}},{"top":318.4622773974552,"left":523.7191760147705,"width":28.24135127104636,"height":70.48857593667687,"angle":2.0943951023931953,"uuid":"xeWjt5nCrNIlPQ8hnBKMRPfllQhiODLiyEF5iueNrpV28JHW1vkjxbGEnEdZ7S1p","mediaId":"60f6b2168070ea8a9ba88ecd","opacity":1,"isFreeItem":false,"flipHorizontal":1,"flipVertical":1,"type":"svgElement","locked":false,"forSubscribers":true,"colors":[{"id":0,"color":"#fb72ce"}],"position":{"left":523.7191760147705,"top":318.4622773974552}},{"top":242.6185814667441,"left":603.6230873199344,"width":112.08204152199455,"height":137.71409200322807,"angle":-0.031703695259137965,"uuid":"PQdBG0kn9Pd2YP0q4k1vG1K2mMYwfaOmOIG7hyAAQFjTjLOyW1oPfy3am7STZF1l","mediaId":"60d34617a637ee11e3c122a5","opacity":1,"isFreeItem":true,"flipHorizontal":1,"flipVertical":1,"type":"imageElement","locked":false,"forSubscribers":true,"filters":{"brightness":0,"contrast":0,"saturate":0,"tint":0,"blur":0,"crossProcess":0,"vignette":0},"filtersIntensityEnabled":false,"filtersPresetIntensity":50,"originalImageWidth":112.08204152199431,"originalImageHeight":171.92691011068507,"cropOpts":{"left":-3.2773960805741387e-13,"top":9.832188241722415e-13,"width":112.08204152199455,"height":137.71409200322807},"vectorType":"illustration","position":{"left":603.6230873199344,"top":242.6185814667441}},{"top":333.2106947575573,"left":727.076420552901,"width":52.54592597789221,"height":51.183624193280465,"angle":0.4901541160101357,"uuid":"DNg27jWpuTndiEhmo6GjzjByjwVLfALotKESrEGHig56UWoGxPeYFtSOOZcdCrQA","mediaId":"5fbbb7b8a637ee11e33bc21e","opacity":1,"flipHorizontal":1,"flipVertical":1,"type":"svgElement","locked":false,"dphId":"407195034","colors":[{"id":0,"color":"#FE5260","opacity":1},{"id":1,"color":"#F04350","opacity":1},{"id":2,"color":"#FE7C87","opacity":1}],"position":{"left":727.076420552901,"top":333.2106947575573}},{"top":340.02562809111726,"left":743.9713781918688,"width":24.472778487852004,"height":30.457175613111488,"angle":0.4901541160101357,"uuid":"r3nQuOHb2piB2NzbSoWrFgeJwqPW0Frr0ymuL9Gws3xAdCHkRPUHbrZarNeXLhnJ","mediaId":"5fbbb7fba637ee11e33d05c2","opacity":1,"flipHorizontal":1,"flipVertical":1,"type":"svgElement","locked":false,"dphId":"407195034","colors":[{"id":0,"color":"#F42732","opacity":1},{"id":1,"color":"#FFF","opacity":1}],"position":{"left":743.9713781918688,"top":340.02562809111726}},{"top":251.6402056635985,"left":544.9890856062725,"width":85.68521906854542,"height":63.51015669893307,"angle":-0.2234773756792926,"uuid":"xftJC9Os4HXa6yoYSOCd9WMIrSMjWCK6sWb08c0QN53x8sVXh01QJQvvGPOThjqx","mediaId":"5fb642a0a637ee11e347683c","opacity":1,"flipHorizontal":1,"flipVertical":1,"type":"svgElement","locked":false,"dphId":"407195034","colors":[{"id":0,"color":"#DC5360","opacity":1}],"position":{"left":544.9890856062725,"top":251.6402056635985}},{"top":252.31255398204812,"left":545.0645271628509,"width":85.68521906854517,"height":62.829343380567636,"angle":-0.2234773756792926,"uuid":"lKIEfMwenRM3wrdF8zxbXa1EnOaJ82y50kzrudMYepPwjbfowCvwqyLjXZar9tOT","mediaId":"5fb642a0a637ee11e3476837","opacity":1,"flipHorizontal":1,"flipVertical":1,"type":"svgElement","locked":false,"dphId":"407195034","colors":[{"id":0,"color":"#CF4551","opacity":1}],"position":{"left":545.0645271628509,"top":252.31255398204812}},{"top":260.9212898778563,"left":543.5755512625576,"width":21.10521286932364,"height":12.546416867017602,"angle":-0.2234773756792926,"uuid":"mHNB1DhtFd9wchAgR7CcKBlIFtg2HQWTSZ6hGCjIg18dqwPa7TzySpcT7U7TD3oJ","mediaId":"5fb642a0a637ee11e3476927","opacity":1,"flipHorizontal":1,"flipVertical":1,"type":"svgElement","locked":false,"dphId":"407195034","colors":[{"id":0,"color":"#FFF","opacity":1}],"position":{"left":543.5755512625576,"top":260.9212898778563}},{"top":267.43356287941026,"left":555.9023697356032,"width":36.958437282686745,"height":29.858526962591906,"angle":-0.2234773756792926,"uuid":"o8GZRCApX5EogrW9OP7UlUcGhOmFr9HjqOYVWFxAVqKV0NhhRSJftSaFkDSjNKfn","mediaId":"5fb642a0a637ee11e347698b","opacity":1,"flipHorizontal":1,"flipVertical":1,"type":"svgElement","locked":false,"dphId":"407195034","colors":[{"id":0,"color":"#BA234B","opacity":1}],"position":{"left":555.9023697356032,"top":267.43356287941026}},{"top":266.10148631597747,"left":554.3030131549438,"width":36.958437282687235,"height":29.858526962592045,"angle":-0.2234773756792926,"uuid":"cCh3HEfiopaIEKO55AL2B1mfztwvZWheY87T2BxocKgRWbW52ooE9qHt7B2WvTdH","mediaId":"5fb642a0a637ee11e34768f1","opacity":1,"flipHorizontal":1,"flipVertical":1,"type":"svgElement","locked":false,"dphId":"407195034","colors":[{"id":0,"color":"#FFF","opacity":1}],"position":{"left":554.3030131549438,"top":266.10148631597747}},{"top":259.99157717480614,"left":596.2754141025227,"width":21.007953823843284,"height":25.481869915957873,"angle":-0.2234773756792926,"uuid":"CHQgARKsZL0iLjAz5KmMCyaN5ybAQXIZQZotyzUynJGviZcK80jmTIC4wUIpdlt4","opacity":1,"type":"textElement","locked":false,"fontSize":20,"font":"Patrick Hand","lineHeight":1,"colorMap":[{"startIndex":0,"endIndex":1,"type":"color","value":"BA234B"}],"boldMap":[{"startIndex":0,"endIndex":1,"type":"bold","value":false}],"italicMap":[{"startIndex":0,"endIndex":1,"type":"italic","value":false}],"textAlign":"left","capitalize":false,"letterSpacing":0,"text":"89","wordBreak":"breakWord","underline":false,"lineMap":[{"startIndex":0,"endIndex":1,"value":"line","type":"line"}],"opacityMap":[{"startIndex":0,"endIndex":1,"type":"opacity","value":1}],"position":{"left":596.2754141025227,"top":259.99157717480614}},{"top":258.60113567390295,"left":596.6882676095244,"width":21.411050106637195,"height":21.41105010663711,"angle":-0.2234773756792926,"uuid":"sGSmj4DkW48WbbMf8n6DogpUaCiU29pZqyHlgbiag9mvJ5kEpQ7wk8Yu4k6bYygf","opacity":1,"type":"textElement","locked":false,"fontSize":20,"font":"Patrick Hand","lineHeight":1,"colorMap":[{"startIndex":0,"endIndex":1,"type":"color","value":"FFFFFF"}],"boldMap":[{"startIndex":0,"endIndex":1,"type":"bold","value":false}],"italicMap":[{"startIndex":0,"endIndex":1,"type":"italic","value":false}],"textAlign":"left","capitalize":false,"letterSpacing":0,"text":"89","wordBreak":"breakWord","underline":false,"lineMap":[{"startIndex":0,"endIndex":1,"value":"line","type":"line"}],"opacityMap":[{"startIndex":0,"endIndex":1,"type":"opacity","value":1}],"position":{"left":596.6882676095244,"top":258.60113567390295}},{"top":-126.25054385426591,"left":-117.0737856965186,"width":1396.9107481469305,"height":746.509760665152,"angle":0,"uuid":"P4jFhvpBDMz7ODt9wrLOoYQghX84zWMwAAWO1jdhInsck1fKKfIAyyCyNqXcG1mk","mediaId":"6138c1498070ea8a9b4f0f5e","opacity":1,"flipHorizontal":1,"flipVertical":1,"type":"imageElement","locked":false,"forSubscribers":false,"isUnlimitedPlus":false,"filters":{"brightness":0,