{"id":"618b6d75079dcd9363238598","_id":"618b6d75079dcd9363238598","width":1280,"height":720,"categoryCaption":"all","group":"HC","measureUnits":"px","removed":false,"template":[{"animationMode":"elements","customAnimationDuration":0,"elements":[{"top":0,"left":0,"width":1280,"height":720,"angle":0,"uuid":"6DzSDhLqlW8LOnjvBkuy938paBUCyfsro1RZ98NMqP4epDRLdK4b9Mce55vLIt0I","opacity":1,"isBackground":true,"type":"coloredBackground","locked":false,"colors":[{"id":0,"color":"#1812FF"}],"position":{"left":0,"top":0}},{"top":128.82016182763806,"left":380.7171335768154,"width":807.7254694100675,"height":313.2767007525028,"angle":0,"uuid":"mS7c8JLEJqGU5ecN45hF7F2G9eGkgvlqZ0xXyW5N0LyzkFTeQazjNWzJLLGZAWix","mediaId":"6103cad18070ea8a9bd99794","opacity":1,"flipHorizontal":1,"flipVertical":1,"type":"svgElement","locked":false,"colors":[{"id":0,"color":"#000"}],"position":{"left":380.7171335768154,"top":128.82016182763806}},{"top":438.4196886250845,"left":81.13402340991514,"width":280.580301547815,"height":168.53338244786238,"angle":0,"uuid":"w7QcnitsVVWQ36u0nIBr5I47z38Nns6NzJwE5b9k7RpVtv1dm97fJ8v99tWEiaJl","mediaId":"6103cad18070ea8a9bd997db","opacity":1,"flipHorizontal":1,"flipVertical":1,"type":"svgElement","locked":false,"colors":[{"id":0,"color":"#FFF"}],"position":{"left":81.13402340991514,"top":438.4196886250845}},{"top":157.75736711802972,"left":410.91247822765934,"width":751.1091981897358,"height":264.2092656948822,"angle":0,"uuid":"MvXRFKPUb63kOJ00uL4AUUwvINm7lpviwP3rWGkixDXdT0vkKB1oCsAgr9yS3ViS","mediaId":"6103cad18070ea8a9bd99668","opacity":1,"flipHorizontal":1,"flipVertical":1,"type":"maskElement","locked":false,"dphId":"31318455","filters":{"brightness":0,"contrast":0,"saturate":0,"tint":0,"blur":0,"crossProcess":0,"vignette":0},"filtersIntensityEnabled":false,"filtersPresetIntensity":50,"elements":[{"type":"imageElement","uuid":"MvXRFKPUb63kOJ00uL4AUUwvINm7lpviwP3rWGkixDXdT0vkKB1oCsAgr9yS3ViS-sticked","left":-2746.518223866319,"top":-1093.3231042326292,"width":4888.29918273787,"height":3262.4056872259835,"opacity":1,"angle":0,"flipHorizontal":1,"flipVertical":1,"originalImageWidth":4888.299182737869,"originalImageHeight":3262.405687225982,"cropOpts":{"left":0,"top":0,"width":4888.29918273787,"height":3262.4056872259835},"filters":{"brightness":0,"contrast":0,"saturate":0,"tint":0,"blur":0,"crossProcess":0,"vignette":0},"filtersIntensityEnabled":false,"filtersPresetIntensity":50,"mediaId":"6103cad18070ea8a9bd99a17","locked":false,"position":{"left":-2746.518223866319,"top":-1093.3231042326292}}],"maskType":"svg","maskData":{"dimensions":{"width":597,"height":210,"left":166,"top":468}},"colors":[{"id":0,"color":"none"}],"position":{"left":410.91247822765934,"top":157.75736711802972}},{"top":442.12371900855425,"left":93.17212215619065,"width":259.2821268428656,"height":156.49528370158657,"angle":0,"uuid":"TibqHCrRUjMPHjQLqxnR7Jq7NHuwjhWbC67J5DfF7XC1HZGQmGINliJmdgIFBV3u","mediaId":"6103cad18070ea8a9bd99676","opacity":1,"flipHorizontal":1,"flipVertical":1,"type":"maskElement","locked":false,"dphId":"472732880","filters":{"brightness":0,"contrast":0,"saturate":0,"tint":0,"blur":0,"crossProcess":0,"vignette":0},"filtersIntensityEnabled":false,"filtersPresetIntensity":50,"elements":[{"type":"imageElement","uuid":"TibqHCrRUjMPHjQLqxnR7Jq7NHuwjhWbC67J5DfF7XC1HZGQmGINliJmdgIFBV3u-sticked","left":-896.3753527996198,"top":-673.2075221955826,"width":1447.3498723407079,"height":1447.3498723407083,"opacity":1,"angle":0,"flipHorizontal":1,"flipVertical":1,"originalImageWidth":1447.3498723407076,"originalImageHeight":1447.3498723407076,"cropOpts":{"left":0,"top":0,"width":1447.3498723407079,"height":1447.3498723407083},"filters":{"brightness":0,"contrast":0,"saturate":0,"tint":0,"blur":0,"crossProcess":0,"vignette":0},"filtersIntensityEnabled":false,"filtersPresetIntensity":50,"mediaId":"6103cad18070ea8a9bd99970","locked":false,"position":{"left":-896.3753527996198,"top":-673.2075221955826}}],"maskType":"svg","maskData":{"dimensions":{"width":280,"height":169,"left":466,"top":175}},"colors":[{"id":0,"color":"none"}],"position":{"left":93.17212215619065,"top":442.12371900855425}},{"top":113.04692892705322,"left":116.73674143295872,"width":219.46380022056746,"height":233.35391415857856,"angle":0,"uuid":"jECXTmVW0SJWsmyaOOnncY9XsDib7SPLIMy06s6H6OVckzLGe4JtCY1MSZqmP3Pj","mediaId":"6103cad18070ea8a9bd9966e","opacity":1,"flipHorizontal":1,"flipVertical":1,"type":"maskElement","locked":false,"dphId":"472732880","filters":{"brightness":0,"contrast":0,"saturate":0,"tint":0,"blur":0,"crossProcess":0,"vignette":0},"filtersIntensityEnabled":false,"filtersPresetIntensity":50,"elements":[{"type":"imageElement","uuid":"jECXTmVW0SJWsmyaOOnncY9XsDib7SPLIMy06s6H6OVckzLGe4JtCY1MSZqmP3Pj-sticked","left":-347.2528484502659,"top":-450.9656991874117,"width":923.9703791564671,"height":923.9703791564672,"opacity":1,"angle":0,"flipHorizontal":1,"flipVertical":1,"originalImageWidth":923.9703791564672,"originalImageHeight":923.9703791564672,"cropOpts":{"left":0,"top":0,"width":923.9703791564671,"height":923.9703791564672},"filters":{"brightness":0,"contrast":0,"saturate":0,"tint":0,"blur":0,"crossProcess":0,"vignette":0},"filtersIntensityEnabled":false,"filtersPresetIntensity":50,"mediaId":"6103cad18070ea8a9bd99972","locked":false,"position":{"left":-347.2528484502659,"top":-450.9656991874117}}],"maskType":"svg","maskData":{"dimensions":{"width":237,"height":252,"left":161,"top":109}},"colors":[{"id":0,"color":"none"}],"position":{"left":116.73674143295872,"top":113.04692892705322}},{"top":349.6317536222821,"left":29.63008483375677,"width":315.1380089630923,"height":74.33487919062986,"angle":0,"uuid":"wVkqP4V9pj1NIspKh9JjB3w6seznZuN2TXvLOP6oOQnQS1j26I6NIuKNGTggHDhJ","mediaId":"6103cad18070ea8a9bd99828","opacity":1,"flipHorizontal":1,"flipVertical":1,"type":"svgElement","locked":false,"colors":[{"id":0,"color":"#FFF"}],"position":{"left":29.63008483375677,"top":349.6317536222821}},{"top":377,"left":40,"width":340,"height":20,"angle":0.1,"uuid":"tUYaB7wElyXf1kWqIZy8b4cp8mpafm5EJ1ZAjTUzMWwmpvg739y2ffJXlworSSi3","opacity":1,"type":"textElement","locked":false,"fontSize":20,"font":"Daruma Drop One","lineHeight":1,"colorMap":[{"startIndex":0,"endIndex":22,"type":"color","value":"000000"}],"boldMap":[{"startIndex":0,"endIndex":22,"type":"bold","value":false}],"italicMap":[{"startIndex":0,"endIndex":22,"type":"italic","value":false}],"textAlign":"left","capitalize":false,"letterSpacing":0,"text":"EVERYONE TALKS ABOUT IT","wordBreak":"breakWord","underline":false,"lineMap":[{"startIndex":0,"endIndex":22,"value":"line","type":"line"}],"opacityMap":[{"startIndex":0,"endIndex":22,"type":"opacity","value":1}],"underlineMap":[{"startIndex":0,"endIndex":22,"type":"underline","value":false}],"linkMap":[{"startIndex":0,"endIndex":22,"type":"link","value":""}],"position":{"left":40,"top":377}},{"top":215.83377206833217,"left":110.25468826188657,"width":174.08942802306686,"height":94.45277477847202,"angle":0,"uuid":"iQE5YoWXE5PMVLUvoE5cSos6XSjHcZBQtpKzlhM4WJnZ4RzArOo63v2QSTA4pVct","mediaId":"6103cad18070ea8a9bd99700","opacity":1,"flipHorizontal":1,"flipVertical":1,"type":"svgElement","locked":false,"colors":[{"id":0,"color":"#FFF"}],"position":{"left":110.25468826188657,"top":215.83377206833217}},{"top":224.16784043113825,"left":103.77263509081519,"width":174.08942802306663,"height":55.5604557520427,"angle":6.05,"uuid":"CyqUk6R81eriXADoy85ruiw6pvgANHP5v8H3ywuonOJvgn6WIIpIfMe5ZlS62mxn","opacity":1,"type":"textElement","locked":false,"fontSize":52,"font":"Daruma Drop One","lineHeight":1,"colorMap":[{"startIndex":0,"endIndex":4,"type":"color","value":"1812FF"}],"boldMap":[{"startIndex":0,"endIndex":4,"type":"bold","value":false}],"italicMap":[{"startIndex":0,"endIndex":4,"type":"italic","value":false}],"textAlign":"center","capitalize":false,"letterSpacing":0,"text":"sales","wordBreak":"breakWord","underline":false,"lineMap":[{"startIndex":0,"endIndex":4,"value":"line","type":"line"}],"opacityMap":[{"startIndex":0,