{"id":"61a88651079dcd936308646b","_id":"61a88651079dcd936308646b","width":1280,"height":720,"categoryCaption":"all","group":"HC","measureUnits":"px","removed":false,"template":[{"animationMode":"elements","customAnimationDuration":0,"elements":[{"top":-23.858376426963332,"left":-42.53576998691938,"width":1367,"height":809.7167528539267,"angle":0,"uuid":"pCIKeKG5Rn0Q96ZZJFiCX5RfHfIKH6dwsbOe2ipN1aqtAtcg74eF2pEoRVg5cl0h","mediaId":"611e25458070ea8a9b71de47","opacity":1,"flipHorizontal":1,"flipVertical":1,"isBackground":false,"type":"imageElement","locked":false,"filters":{"brightness":0,"contrast":0,"saturate":0,"tint":0,"blur":0,"crossProcess":0,"vignette":0},"filtersIntensityEnabled":false,"filtersPresetIntensity":50,"originalImageWidth":1367,"originalImageHeight":2356.5361087510623,"cropOpts":{"left":0,"top":773.4096779485681,"width":1367,"height":809.7167528539267},"position":{"left":-42.53576998691938,"top":-23.858376426963332}},{"top":88.84429163930793,"left":47.03427869721207,"width":463.755113053522,"height":631.1557083606921,"angle":0,"uuid":"1VeVsBBF8VhHs2X9Cu5v1Q70iLqRnNoKMBSKLgnbIL4uzb8dFg9eKT4bvGQQYacx","mediaId":"611e25458070ea8a9b71ddc5","opacity":1,"flipHorizontal":1,"flipVertical":1,"type":"imageElement","locked":false,"filters":{"brightness":0,"contrast":0,"saturate":0,"tint":0,"blur":0,"crossProcess":0,"vignette":0},"filtersIntensityEnabled":false,"filtersPresetIntensity":50,"originalImageWidth":463.75511305352194,"originalImageHeight":631.1557083606916,"cropOpts":{"left":0,"top":0,"width":463.755113053522,"height":631.1557083606921},"position":{"left":47.03427869721207,"top":88.84429163930793}},{"top":248.5895591823792,"left":134.9110866122987,"width":296.04633521888496,"height":442.9269569376887,"angle":0,"uuid":"sY78ssOQkNGcfmxcxZZhHoRI07GziPhlJ1NdSsyMcNJwquRJobeR7EruuccKmkPq","mediaId":"611e25458070ea8a9b71ddbf","opacity":1,"flipHorizontal":1,"flipVertical":1,"type":"imageElement","locked":false,"filters":{"brightness":0,"contrast":0,"saturate":0,"tint":0,"blur":0,"crossProcess":0,"vignette":0},"filtersIntensityEnabled":false,"filtersPresetIntensity":50,"originalImageWidth":296.04633521888496,"originalImageHeight":442.92695693768854,"cropOpts":{"left":0,"top":0,"width":296.04633521888496,"height":442.9269569376887},"position":{"left":134.9110866122987,"top":248.5895591823792}},{"top":478.48169794578934,"left":58.64200670175549,"width":382.84938035410494,"height":157.65871284611836,"angle":0,"uuid":"KeMoLeff94wQJqc0en3T58D6su2RVS7SD8OcKsG3PDp3Ntvmm08b4plAJgonNbOR","mediaId":"611e25458070ea8a9b71de21","opacity":1,"flipHorizontal":1,"flipVertical":1,"type":"imageElement","locked":false,"filters":{"brightness":0,"contrast":0,"saturate":0,"tint":0,"blur":0,"crossProcess":0,"vignette":0},"filtersIntensityEnabled":false,"filtersPresetIntensity":50,"originalImageWidth":382.8493803541049,"originalImageHeight":157.65871284611833,"cropOpts":{"left":0,"top":0,"width":382.84938035410494,"height":157.65871284611836},"position":{"left":58.64200670175549,"top":478.48169794578934}},{"top":339.45691759030416,"left":153.18093286567577,"width":356.95006070745615,"height":216.84336077659196,"angle":0.019996198632408563,"uuid":"tqDLyjAU76RRkNwRfEmeqXkKwJrv4YWcjwXB0o9c7uTgDLLDfJ8Xi6dB9c06gVIR","mediaId":"611e25458070ea8a9b71ddc0","opacity":1,"flipHorizontal":1,"flipVertical":1,"type":"imageElement","locked":false,"filters":{"brightness":0,"contrast":0,"saturate":0,"tint":0,"blur":0,"crossProcess":0,"vignette":0},"filtersIntensityEnabled":false,"filtersPresetIntensity":50,"originalImageWidth":356.9500607074563,"originalImageHeight":217.4327450284846,"cropOpts":{"left":0,"top":0.5893842518926328,"width":356.95006070745615,"height":216.84336077659196},"position":{"left":153.18093286567577,"top":339.45691759030416}},{"top":314.90540682846694,"left":371.8901609630078,"width":46.09343173182191,"height":21.004601801842966,"angle":0,"uuid":"usnJWvWXivJEoOth6iVUgAVYFinJoVj7abPSLr6QWtuZnePcGABiGxc5wSuWFdKc","mediaId":"611e25458070ea8a9b71ddc7","opacity":1,"flipHorizontal":1,"flipVertical":1,"type":"svgElement","locked":false,"colors":[{"id":0,"color":"#ffffff","opacity":1}],"position":{"left":371.8901609630078,"top":314.90540682846694}},{"top":228.15549014885903,"left":221.84066392213504,"width":35.47373594470877,"height":16.165246759613968,"angle":-0.2617993877991494,"uuid":"7grW8fZmyMIXFaqSaQIJGueIL1jOQrosFurSRSu4dttwSgVoOECiHNDv6TjgrucE","mediaId":"611e25458070ea8a9b71ddc7","opacity":1,"flipHorizontal":1,"flipVertical":1,"type":"svgElement","locked":false,"colors":[{"id":0,"color":"#ffffff","opacity":1}],"position":{"left":221.84066392213504,"top":228.15549014885903}},{"top":39.00967519383039,"left":151.0487361349724,"width":276.45591910258645,"height":224.40560396071425,"angle":0,"uuid":"gqFnFGkFNdh5gGy8RQZIb16piLtViGGp55MrTItaT26NnDT2iBRw9q7R4rA1xqq7","mediaId":"611e25458070ea8a9b71ddc1","opacity":1,"flipHorizontal":1,"flipVertical":1,"type":"svgElement","locked":false,"colors":[{"id":0,"color":"#ff4a57"}],"position":{"left":151.0487361349724,"top":39.00967519383039}},{"top":249.76349142168863,"left":104.00301579939651,"width":28.328401383186172,"height":51.10221425986504,"angle":0.64314196596671,"uuid":"TcABwbqMEjBDmHyWNXvYKz19Lz0dKUjyOukxLolxupkGuHM68AUS8DMJJuURpaaO","mediaId":"611e25458070ea8a9b71ddc8","opacity":1,"flipHorizontal":1,"flipVertical":1,"type":"svgElement","locked":false,"colors":[{"id":0,"color":"#ffffff","opacity":1}],"position":{"left":104.00301579939651,"top":249.76349142168863}},{"top":173.14903772572166,"left":610.6884111678835,"width":248,"height":48,"angle":0,"uuid":"jWmIKymg2wqG2f5cGFOcxrqBIS9hEFlbTN27y7CrrRFd1gT2uD51A2E1b5u5GJwf","opacity":1,"type":"textElement","locked":false,"fontSize":44,"font":"Allan","lineHeight":1,"wordBreak":"breakWord","colorMap":[{"startIndex":0,"endIndex":14,"type":"color","value":"0a0203"}],"boldMap":[{"startIndex":0,"endIndex":14,"type":"bold","value":true}],"italicMap":[{"startIndex":0,"endIndex":14,"type":"italic","value":false}],"lineMap":[{"startIndex":0,"endIndex":13,"value":"line","type":"line"}],"opacityMap":[{"startIndex":0,"endIndex":14,"type":"opacity","value":1}],"textAlign":"center","capitalize":false,"underline":false,"letterSpacing":0,"text":"Lovemark is...\n","underlineMap":[{"startIndex":0,"endIndex":14,"type":"underline","value":false}],"linkMap":[{"startIndex":0,"endIndex":14,"type":"link","value":""}],"position":{"left":610.6884111678835,"top":173.14903772572166}},{"top":362.77565789801804,"left":610.6884111678835,"width":539.9003727980071,"height":106.516489211655,"angle":0,"uuid":"yKiCidOWji68qkwIEQOyFNRIAxeP5kQCVSbhg0bH07kHngDRXBj6UdpAXUYphfzr","mediaId":"611e25458070ea8a9b71de51","opacity":1,"flipHorizontal":1,"flipVertical":1,"type":"svgElement","locked":false,"colors":[{"id":0,"color":"#ffffff","opacity":1}],"position":{"left":610.6884111678835,"top":362.77565789801804}},{"top":460.1649588119433,"left":616.2462870067653,"width":528.7846211202431,"height":86.68600346233501,"angle":0,"uuid":"BVKN4xiA7Wtd6s7bNpmR4QD1BKR2vNKA5GYE8VwthYac8jTFvmplSyFVdsDDFxhr","opacity":1,"type":"textElement","locked":false,"fontSize":86,"font":"Pacifico","lineHeight":1,"wordBreak":"breakWord","colorMap":[{"startIndex":0,"endIndex":14,"type":"color","value":"0a0203"}],"boldMap":[{"startIndex":0,"endIndex":14,"type":"bold","value":false}],"italicMap":[{"startIndex":0,"endIndex":14,"type":"italic","value":false}],"lineMap":[{"startIndex":0,"endIndex":13,"value":"line","type":"line"}],"opacityMap":[{"startIndex":0,"endIndex":14,"type":"opacity","value":1}],"textAlign":"center","capitalize":false,"underline":false,"letterSpacing":0,"text":"voice messages\n","position":{"left":616.2462870067653,"top":460.1649588119433}},{"top":376.6311736573298,"left":650.188806372501,"width":464.95220038888766,"height":83.53378515461355,"angle":0,"uuid":"JHNrWjJ8J0smoFHnShZ7Ef1GTdCUB999nU1vs0bX4qHVOQYnrEQRbfv00LQt4w9r","opacity":1,"type":"textElement","locked":false,"fontSize":58,"font":"Allan","lineHeight":1.4,