{"id":"61a88955079dcd93634585be","_id":"61a88955079dcd93634585be","width":1280,"height":720,"categoryCaption":"all","group":"HC","measureUnits":"px","removed":false,"template":[{"animationMode":"elements","customAnimationDuration":0,"elements":[{"top":-41.383670011438994,"left":-49,"width":1378,"height":824.1006733562112,"angle":0,"uuid":"zF7DtYE0NisTVWSnQMD8ErKWfOvjAXt0FEnfKk9Dpoa3oOvV9OYInl6IsECuRj2K","mediaId":"6108e2998070ea8a9b4db2c2","opacity":1,"flipHorizontal":1,"flipVertical":1,"isBackground":false,"type":"imageElement","locked":false,"filters":{"brightness":0,"contrast":0,"saturate":0,"tint":0,"blur":0,"crossProcess":0,"vignette":0},"filtersIntensityEnabled":false,"filtersPresetIntensity":50,"originalImageWidth":1378,"originalImageHeight":1179.9961165048544,"cropOpts":{"left":8.139177126435813e-14,"top":177.94772157432155,"width":1378,"height":824.1006733562112},"position":{"left":-49,"top":-41.383670011438994}},{"top":62.817011804892445,"left":75.48287367080326,"width":714.481306488714,"height":657.1829881951076,"angle":0,"uuid":"F9mftHdMVOHaX225K4J5ofouR0zGtlPKiCC5LZ0PBWrxH814eSiJ0UIwqqDfTIxc","mediaId":"6108e2998070ea8a9b4db298","opacity":1,"flipHorizontal":1,"flipVertical":1,"type":"imageElement","locked":false,"filters":{"brightness":0,"contrast":0,"saturate":0,"tint":0,"blur":0,"crossProcess":0,"vignette":0},"filtersIntensityEnabled":false,"filtersPresetIntensity":50,"originalImageWidth":714.4813064887131,"originalImageHeight":658.1477954643985,"cropOpts":{"left":0,"top":0,"width":714.481306488714,"height":657.1829881951076},"position":{"left":75.48287367080326,"top":62.817011804892445}},{"top":217.19887966548936,"left":736.4293519718594,"width":91.03370892254406,"height":93.21602386246792,"angle":0,"uuid":"bJLYzPpPZzohafeh0cIHPMP3xuQ5nsxKNqswkeEkAZDRbKLkuSi1FfsSkxBSiZ9m","mediaId":"6108e2998070ea8a9b4db2c5","opacity":1,"flipHorizontal":1,"flipVertical":1,"type":"imageElement","locked":false,"filters":{"brightness":0,"contrast":0,"saturate":0,"tint":0,"blur":0,"crossProcess":0,"vignette":0},"filtersIntensityEnabled":false,"filtersPresetIntensity":50,"originalImageWidth":91.03370892254378,"originalImageHeight":93.21602386246781,"cropOpts":{"left":0,"top":0,"width":91.03370892254406,"height":93.21602386246792},"position":{"left":736.4293519718594,"top":217.19887966548936}},{"top":417.95226537189023,"left":7.51944517461196,"width":195.2646720099841,"height":116.5759235880502,"angle":0,"uuid":"v9wZ5GVozuJ5CA2HrHYcp4vOnBQBTl9SNgqACn5MlF4H0AF2AhXstNGlg2q39SSC","mediaId":"6108e2998070ea8a9b4db29b","opacity":1,"flipHorizontal":1,"flipVertical":1,"type":"imageElement","locked":false,"filters":{"brightness":0,"contrast":0,"saturate":0,"tint":0,"blur":0,"crossProcess":0,"vignette":0},"filtersIntensityEnabled":false,"filtersPresetIntensity":50,"originalImageWidth":195.26467200998408,"originalImageHeight":116.57592358805016,"cropOpts":{"left":0,"top":0,"width":195.2646720099841,"height":116.5759235880502},"position":{"left":7.51944517461196,"top":417.95226537189023}},{"top":460.4132307670541,"left":1.761933624020287,"width":167.72540227644458,"height":39.545013544852786,"angle":-0.1197927474239901,"uuid":"CYUAAh5pkxNrS4HtD6mtKxZPunnUUeTPzh8KYMl62Za3INnTLH82ddhPmmJrxu3f","opacity":1,"type":"textElement","locked":false,"fontSize":35,"font":"Galindo","lineHeight":1,"wordBreak":"breakWord","colorMap":[{"startIndex":0,"endIndex":3,"type":"color","value":"#ffffff"}],"boldMap":[{"startIndex":0,"endIndex":3,"type":"bold","value":false}],"italicMap":[{"startIndex":0,"endIndex":3,"type":"italic","value":false}],"lineMap":[{"startIndex":0,"endIndex":3,"value":"line","type":"line"}],"opacityMap":[{"startIndex":0,"endIndex":3,"type":"opacity","value":1}],"textAlign":"center","capitalize":false,"underline":false,"letterSpacing":0,"text":"Ohhh","underlineMap":[{"startIndex":0,"endIndex":3,"type":"underline","value":false}],"linkMap":[{"startIndex":0,"endIndex":3,"type":"link","value":""}],"position":{"left":1.761933624020287,"top":460.4132307670541}},{"top":124.33333333333333,"left":743.2373146948072,"width":522,"height":45,"angle":0,"uuid":"QV3Dfniln96GooIJI5YkuXRzUgPEn0SDmqLAuEmtWRy34pXi0mnU0ZUBJNPcRHSB","opacity":1,"type":"textElement","locked":false,"fontSize":35,"font":"Galindo","lineHeight":1.3,"wordBreak":"breakWord","colorMap":[{"startIndex":0,"endIndex":16,"type":"color","value":"0a0203"}],"boldMap":[{"startIndex":0,"endIndex":16,"type":"bold","value":false}],"italicMap":[{"startIndex":0,"endIndex":16,"type":"italic","value":false}],"lineMap":[{"startIndex":0,"endIndex":15,"value":"line","type":"line"}],"opacityMap":[{"startIndex":0,"endIndex":16,"type":"opacity","value":1}],"textAlign":"center","capitalize":true,"underline":false,"letterSpacing":0,"text":"when you went to\n","underlineMap":[{"startIndex":0,"endIndex":16,"type":"underline","value":false}],"linkMap":[{"startIndex":0,"endIndex":16,"type":"link","value":""}],"position":{"left":743.2373146948072,"top":124.33333333333333}},{"top":169.33333333333331,"left":879.75,"width":278.5000000000001,"height":103.33333333333334,"angle":0,"uuid":"DJN8x4NwsYM8sUUy3i7fJ2TyfOFLot5eJMZCLU1MHRvrQSSDycIBn5MuvmgAyyMq","opacity":1,"type":"pathElement","locked":false,"shapeProps":{"vertexCount":4},"data":"M100 50 L100 100 L50 100 L0 100 L0 50 L0 0 L50 0 L100 0 Z","viewPort":{"minX":0,"minY":0,"maxX":100,"maxY":100,"w":100,"h":100},"colors":[{"id":0,"color":"#000000","opacity":1}],"position":{"left":879.75,"top":169.33333333333331}},{"top":175.99999999999997,"left":758,"width":522,"height":90,"angle":0,"uuid":"pv38hJB0e7bvT5xUgbSydCfuejX6epRuKpXAV8lv9cDI5b0nS8MNXV73UTgM5xAs","opacity":1,"type":"textElement","locked":false,"fontSize":35,"font":"Galindo","lineHeight":1.3,"wordBreak":"breakWord","colorMap":[{"startIndex":0,"endIndex":19,"type":"color","value":"ffffff"},{"startIndex":20,"endIndex":20,"type":"color","value":"0a0203"}],"boldMap":[{"startIndex":0,"endIndex":20,"type":"bold","value":false}],"italicMap":[{"startIndex":0,"endIndex":20,"type":"italic","value":false}],"lineMap":[{"startIndex":0,"endIndex":8,"value":"line","type":"line"},{"startIndex":9,"endIndex":19,"value":"line","type":"line"}],"opacityMap":[{"startIndex":0,"endIndex":20,"type":"opacity","value":1}],"textAlign":"center","capitalize":true,"underline":false,"letterSpacing":0,"text":"a regular\nhairdrsser\n","underlineMap":[{"startIndex":0,"endIndex":20,"type":"underline","value":false}],"linkMap":[{"startIndex":0,"endIndex":20,"type":"link","value":""}],"position":{"left":758,"top":175.99999999999997}},{"top":265.76824440260344,"left":930.1227357920662,"width":180.61167127301064,"height":108.99366035930137,"angle":0,"uuid":"Ths9gHMtZS9bCYBxXP5wDvjJD9DDdVw4nx0gK1YVuQriwXkN03Q7EC4Qu7au9fRv","mediaId":"6108e2998070ea8a9b4db29d","opacity":1,"flipHorizontal":1,"flipVertical":1,"type":"imageElement","locked":false,"filters":{"brightness":0,"contrast":0,"saturate":0,"tint":0,"blur":0,"crossProcess":0,"vignette":0},"filtersIntensityEnabled":false,"filtersPresetIntensity":50,"originalImageWidth":180.6116712730107,"originalImageHeight":108.99366035930139,"cropOpts":{"left":0,"top":0,"width":180.61167127301064,"height":108.99366035930137},"position":{"left":930.1227357920662,"top":265.76824440260344}},{"top":286.6205972916042,"left":926.4285714285714,"width":188.00000000000009,"height":64.00000000000001,"angle":-0.1800672781061683,"uuid":"fOj9GR7RAJ0ganNwdEdF6cVlXVJtEPlpULql0VMDWWoIJLEv5yBNX42usIo8U5OC","opacity":1,"type":"textElement","locked":false,"fontSize":32,"font":"Anton","lineHeight":1,"wordBreak":"breakWord","colorMap":[{"startIndex":0,"endIndex":17,"type":"color","value":"0a0203"}],"boldMap":[{"startIndex":0,"endIndex":17,"type":"bold","value":false}],"italicMap":[{"startIndex":0,"endIndex":17,"type":"italic","value":false}],"lineMap":[{"startIndex":0,"endIndex":5,"value":"line","type":"line"},{"startIndex":6,"endIndex":16,"value":"line","type":"line"}],"opacityMap":[{"startIndex":0,"endIndex":17,"type":"opacity","value":1}],